ID,Name,PhotoUrl
73077942,Kelly White,Cat Worx,https://randomuser.me/api/portraits/men/26.jpg
762101869,Heidi Wheeler,Cat Worx,https://randomuser.me/api/portraits/women/74.jpg
87467711,Mattie Jordan,Cat Worx,https://randomuser.me/api/portraits/women/1.jpg
170092364,Carrie Butler,Cat Worx,https://randomuser.me/api/portraits/women/88.jpg
474320497,Adrian Craig,Cat Worx,https://randomuser.me/api/portraits/men/30.jpg
387813918,Josephine Rose,Cat Worx,https://randomuser.me/api/portraits/women/32.jpg
489672310,Leslie Morrison,Cat Worx,https://randomuser.me/api/portraits/men/41.jpg
345502792,Julian Warren,Cat Worx,https://randomuser.me/api/portraits/men/3.jpg
822376202,Ethan Roberts,Cat Worx,https://randomuser.me/api/portraits/men/12.jpg
707945484,Alfred Graves,Cat Worx,https://randomuser.me/api/portraits/men/93.jpg
